,action_p,action_r,action_z,al_pitch,al_roll,al_yaw,angular_x,angular_y,angular_z,linear_acc_bodyx,linear_acc_bodyy,linear_acc_bodyz,pos_x,pos_y,pos_z,time,velocity_x,velocity_y,velocity_z
0,0,0,1.0,0.0025334328858668187,0.013446038279055782,0.0031262795457759,0.804661214351654,-0.042251959443092346,-0.007943619973957533,-0.0024660443887114525,0.017776720225812115,9.072393417358398,0.0031569716520606296,0.0031262795457759,1.0498480796813965,0.020410776138305664,-0.0006236028857529096,-0.01431695744395256,-0.08021921664476395
1,0,0,1.0,0.0025334328858668187,0.013446038279055782,0.0031262795457759,0.804661214351654,-0.042251959443092346,-0.007943619973957533,-0.007868047803640366,-0.018329469487069875,9.4807767868042,0.0031569716520606296,0.0031262795457759,1.0498480796813965,0.04091691970825195,-0.0006236028857529096,-0.01431695744395256,-0.08021921664476395
2,0,0,1.0,0.0017878153402447565,0.005624429457879974,0.003008847753008973,-0.7098739147186279,-0.027097580954432487,-0.005935018882155415,-0.01569560542702675,-0.03899562731385116,9.406523704528809,0.003288812469690921,0.003008847753008973,1.0473334789276123,0.06135678291320801,-0.00026519221137277045,-0.019263332709670067,-0.0953783243894577
3,0,0,1.0,0.0017878153402447565,0.005624429457879974,0.003008847753008973,-0.7098739147186279,-0.027097580954432487,-0.005935018882155415,-0.013025514781475067,0.010676699690521905,9.314916610717773,0.003288812469690921,0.003008847753008973,1.0473334789276123,0.08183884620666504,-0.00026519221137277045,-0.019263332709670067,-0.0953783243894577
4,0,0,1.0,0.0008175526856477917,0.005662834396799164,0.0029746079103862844,0.6459070444107056,-0.07111787050962448,-0.006118370220065108,-0.017556747421622276,0.00467380695045128,10.91661548614502,0.003450765507295611,0.0029746079103862844,1.0452038049697876,0.10236096382141113,-0.0004969120491295999,-0.02073398232460022,-0.081091970205307
5,0,0,1.0,-0.0005803440325768119,-0.0020184536066813613,0.002904421805216179,-0.7628822922706604,-0.012830589897930622,-0.0052105803042650205,-0.023933865129947662,-0.04795005917548994,11.39782428741455,0.003741969121619943,0.002904421805216179,1.0441466569900513,0.12283182144165039,-0.00133562181144953,-0.022285737097263336,-0.02305138297379017
6,0,0,1.0,-0.0005803440325768119,-0.0020184536066813613,0.002904421805216179,-0.7628822922706604,-0.012830589897930622,-0.0052105803042650205,-0.017848176881670952,0.011427033692599774,11.686497688293457,0.003741969121619943,0.002904421805216179,1.0441466569900513,0.1433258056640625,-0.00133562181144953,-0.022285737097263336,-0.02305138297379017
7,0,0,1.0,-0.002163353458638907,0.02134633802714214,0.002855621323557827,0.34464603662490845,-0.026864157989621162,-0.003955433610826727,-0.008392315357923508,0.03200790286064281,10.874124526977539,0.003920650109648588,0.002855621323557827,1.0446975231170654,0.16380095481872559,-0.002115111099556095,-0.02424025535583496,0.012159919366240501
8,0,0,1.0,-0.0016264498898159706,0.005516533886751357,0.0028685930199286894,-1.2939857244491577,0.05342981591820717,-0.0038588328752666777,-0.0005814151372760534,-0.04983299970626685,11.898391723632812,0.004047212190925959,0.0028685930199286894,1.0469391345977783,0.18426895141601562,-0.002401502337306752,-0.02733384259045124,0.0670376569032669
9,0,0,1.0,-0.0016264498898159706,0.005516533886751357,0.0028685930199286894,-1.2939857244491577,0.05342981591820717,-0.0038588328752666777,0.007195071782916784,-0.006794834043829265,11.169770240783691,0.004047212190925959,0.0028685930199286894,1.0469391345977783,0.2048048973083496,-0.002401502337306752,-0.02733384259045124,0.0670376569032669
10,0,0,1.0,0.00021440234355063915,0.020063952574862005,0.0029499666084389213,1.1974170207977295,0.02720029279589653,-0.0020398667547851836,0.0036661261692643166,0.03777347877621775,10.149101257324219,0.004205965436994913,0.0029499666084389213,1.0508195161819458,0.2252669334411621,-0.0019170196028426483,-0.03098723292350769,0.1001247689127922
11,0,0,1.0,0.00021440234355063915,0.020063952574862005,0.0029499666084389213,1.1974170207977295,0.02720029279589653,-0.0020398667547851836,0.008991707116365433,-0.0435659140348422,10.11627197265625,0.004205965436994913,0.0029499666084389213,1.0508195161819458,0.2457418441772461,-0.0019170196028426483,-0.03098723292350769,0.1001247689127922
12,0,0,1.0,0.0018326947843925491,-0.0017488734983254308,0.0030537103647574897,-0.38818812370300293,0.02567291632294655,-0.0030462811700999767,-0.009073949418962002,0.03737045079469799,9.62902545928955,0.004315578844398143,0.0030537103647574897,1.054634928703308,0.26625585556030273,-0.0014219630975276412,-0.03247343748807907,0.08841133862733841
13,0,0,1.0,0.001634750700182703,0.015274499459602945,0.003098653952473461,0.9344001412391663,-0.026770969852805138,-0.003753856988623735,-0.012317588552832603,-0.011972011998294617,9.539878845214844,0.004478901624679449,0.003098653952473461,1.0577104091644287,0.2867310047149658,-0.0012572690611705338,-0.03611228987574577,0.06007648631930351
14,0,0,1.0,0.001634750700182703,0.015274499459602945,0.003098653952473461,0.9344001412391663,-0.026770969852805138,-0.003753856988623735,-0.01458819955587387,-0.039413601160048446,8.0929536819458,0.004478901624679449,0.003098653952473461,1.0577104091644287,0.3071439266204834,-0.0012572690611705338,-0.03611228987574577,0.06007648631930351
15,0,0,1.0,0.0003220032336368289,-0.0011088364646087625,0.0031149810781988187,-0.553426206111908,-0.02510404773056507,-0.005215344019234177,-0.019291093572974205,0.03288501128554451,8.725491523742676,0.004674731288105132,0.0031149810781988187,1.0593703985214233,0.3275609016418457,-0.0015092531684786185,-0.036260537803173065,0.02009468339383602
16,0,0,1.0,0.0003220032336368289,-0.0011088364646087625,0.0031149810781988187,-0.553426206111908,-0.02510404773056507,-0.005215344019234177,-0.015113230794668198,-0.005086803808807291,8.460041046142578,0.004674731288105132,0.0031149810781988187,1.0593703985214233,0.34802794456481934,-0.0015092531684786185,-0.036260537803173065,0.02009468339383602
17,0,0,1.0,-0.0013270740178180673,0.0158467867864027,0.0030499495720434882,-0.3974863588809967,-0.053454745560884476,-0.007743379566818469,-0.018190864473581314,-0.03461540862917796,8.518331527709961,0.0048304684460161946,0.0030499495720434882,1.05986750125885,0.3684678077697754,-0.0021638693287968688,-0.03840167075395584,-0.027505336329340935
18,0,0,1.0,-0.0020586101939341615,0.003157136003914793,0.0030100034079740033,-0.6687423586845398,-0.02479666657745838,-0.008263409137725827,-0.022213883697986603,0.02467237040400626,9.884013175964355,0.0049288622103630325,0.0030100034079740033,1.0590548515319824,0.38895297050476074,-0.0033700552303344033,-0.03915109112858772,-0.05207635089755058
19,0,0,1.0,-0.0020586101939341615,0.003157136003914793,0.0030100034079740033,-0.6687423586845398,-0.02479666657745838,-0.008263409137725827,-0.014604242518544197,0.01657191105187062,10.023991584777832,0.0049288622103630325,0.0030100034079740033,1.0590548515319824,0.4093968868255615,-0.0033700552303344033,-0.03915109112858772,-0.05207635089755058
20,0,0,1.0,-0.002702611738471615,0.020228166491608836,0.002836608613769518,0.04987095296382904,-0.02811204083263874,-0.010873280465602871,-0.014227153733372688,-0.04108266159891958,10.119754791259766,0.004963561892509344,0.002836608613769518,1.058193564414978,0.42989277839660645,-0.00468029780313373,-0.0444774329662323,-0.049652665853500366
21,0,0,1.0,-0.002702611738471615,0.020228166491608836,0.002836608613769518,0.7639649510383606,0.03929365426301956,-0.012717621400952344,-0.010592138394713402,0.019371673464776373,10.51473617553711,0.004963561892509344,0.002836608613769518,1.058193564414978,0.45060181617736816,-0.005713653750717644,-0.04401352256536484,-0.04273439571261406
22,0,0,1.0,-0.002791174709322433,0.000868953814107937,0.0026364248901990517,0.7639649510383606,0.03929365426301956,-0.012717621400952344,0.002565779723227024,0.02005597017705561,9.830253601074219,0.004965943749993923,0.0026364248901990517,1.0577590465545654,0.4710369110107422,-0.005713653750717644,-0.04401352256536484,-0.04273439571261406
23,0,0,1.0,-0.0018648890906456006,0.01614249317794998,0.0025210922679128815,0.14577263593673706,0.0348726250231266,-0.013679329305887226,0.01172936987131834,-0.04779121279716366,10.27896499633789,0.004959919024258736,0.0025210922679128815,1.0576092004776,0.49153590202331543,-0.006102393846958883,-0.04775094613432884,-0.02895675040781498
24,0,0,1.0,-0.0018648890906456006,0.01614249317794998,0.0025210922679128815,0.14577263593673706,0.0348726250231266,-0.013679329305887226,0.008389826864004135,0.022284269332887068,10.826951026916504,0.004959919024258736,0.0025210922679128815,1.0576092004776,0.5120539665222168,-0.006102393846958883,-0.04775094613432884,-0.02895675040781498
25,0,0,1.0,0.0002903443078243852,-0.0005983757801925439,0.002181013094499715,0.7871689200401306,0.08000833541154861,-0.01496557705104352,0.010988845489919186,0.03096882626414423,10.109492301940918,0.004980915691703443,0.002181013094499715,1.0581755638122559,0.5325169563293457,-0.0056943064555525875,-0.0460977740585804,-0.008157745003700256
26,0,0,1.0,0.0022349693701516557,0.0015395257697976808,0.001859976873352119,-1.0605217218399048,0.030859686434268948,-0.01600727438926697,0.012377108447253704,-0.041445281356571835,10.350687026977539,0.005019603297114256,0.001859976873352119,1.059505820274353,0.5529758930206299,-0.00465985340997578,-0.048664215952157974,0.022526133805513382
27,0,0,1.0,0.0022349693701516557,0.0015395257697976808,0.001859976873352119,-1.0605217218399048,0.030859686434268948,-0.01600727438926697,0.004923540633171797,-0.0008195827249422587,12.235004425048828,0.005019603297114256,0.001859976873352119,1.059505820274353,0.5734078884124756,-0.00465985340997578,-0.048664215952157974,0.022526133805513382
28,0,0,1.0,0.0028137313019402383,-0.007560382935671216,0.0016653045469781143,0.2583596706390381,0.04141721874475479,-0.015550842508673673,-0.013312261551618576,0.05995897203684005,12.4213285446167,0.00503948982805002,0.0016653045469781143,1.0622649192810059,0.593925952911377,-0.0036536976695060964,-0.04612036049365997,0.10505662858486176
29,0,0,1.0,0.0028137313019402383,-0.007560382935671216,0.0016653045469781143,0.2583596706390381,0.04141721874475479,-0.015550842508673673,-0.015078105032444,-0.05411859601735898,13.929353713989258,0.00503948982805002,0.0016653045469781143,1.0622649192810059,0.6143579483032227,-0.0036536976695060964,-0.04612036049365997,0.10505662858486176
30,0,0,1.0,0.0016992484118952306,0.007816499219413202,0.0013030886235396008,-1.5552332401275635,-0.0773903951048851,-0.013711717911064616,-0.026841696351766586,-0.04850134998559789,13.335610389709473,0.00514667481183994,0.0013030886235396008,1.0689523220062256,0.6348268985748291,-0.003224280197173396,-0.053038034588098526,0.2233436107635498
31,0,0,1.0,-0.0006024164352110608,0.020805601243498804,0.000989464009135459,1.9132436513900757,-0.033599529415369034,-0.014037952758371827,-0.030404891818761826,0.08614650368690659,13.697555541992188,0.005175764672458054,0.000989464009135459,1.0799466371536255,0.6552767753601074,-0.0038531930185854986,-0.050148457288742065,0.3592337667942047
32,0,0,1.0,-0.0006024164352110608,0.020805601243498804,0.000989464009135459,1.9132436513900757,-0.033599529415369034,-0.014037952758371827,-0.015142763033509254,-0.015636960044501404,14.757807731628418,0.005175764672458054,0.000989464009135459,1.0799466371536255,0.6757748126983643,-0.0038531930185854986,-0.050148457288742065,0.3592337667942047
33,0,0,1.0,-0.0011408268144115922,0.023898747000106146,0.0008574362901830691,-1.1468181610107422,0.003996067214757202,-0.012434850446879864,0.03012382984161377,-0.11200252175330953,13.28909969329834,0.005248599220067142,0.0008574362901830691,1.0961287021636963,0.6963038444519043,-0.0037204397376627485,-0.05788889527320862,0.5093116164207458
34,0,0,1.0,-0.0011408268144115922,0.023898747000106146,0.0008574362901830691,-1.1468181610107422,0.003996067214757202,-0.012434850446879864,0.032349783927202225,0.06360631436109723,14.781243324279785,0.005248599220067142,0.0008574362901830691,1.0961287021636963,0.7168419361114502,-0.0037204397376627485,-0.05788889527320862,0.5093116164207458
35,0,0,1.0,0.002087567533273383,-0.010187936227185843,0.000650911801159257,2.095571517944336,0.05352964252233505,-0.006712800357490785,-0.002693731104955077,0.06652040034532715,13.693863868713379,0.005425292067229625,0.000650911801159257,1.1171566247940063,0.7373228073120117,-0.0023784453514964304,-0.04700971022248268,0.6619987487792969
36,0,0,1.0,0.0002014715370725175,-0.014082310542583847,0.0005611714551913894,-1.0801136493682861,-0.040400780737400055,-0.00916402973234653,-0.02573240175843239,-0.09613586962222889,13.404356002807617,0.005614102818071716,0.0005611714551913894,1.1392463445663452,0.7577788829803467,-0.002429559826850997,-0.04939386621117592,0.7772356867790222
37,0,0,1.0,0.0002014715370725175,-0.014082310542583847,0.0005611714551913894,-1.0801136493682861,-0.040400780737400055,-0.00916402973234653,-0.050102852284908295,0.0651376694440859,14.207498550415039,0.005614102818071716,0.0005611714551913894,1.1392463445663452,0.7782559394836426,-0.002429559826850997,-0.04939386621117592,0.7772356867790222
38,0,0,1.0,-0.0006284444442507895,-0.0008087449644240268,0.00045763176411046106,1.7141125202178955,-0.0381794236600399,-0.011891798116266722,-0.020244771614670753,0.003724066540600402,12.51622200012207,0.005778514780104031,0.00045763176411046106,1.171312928199768,0.798900842666626,-0.003915281035006166,-0.04708034172654152,0.8943254351615906
39,0,0,1.0,-0.0030990118242703894,-0.007931870872381024,0.00014480144404923977,-1.1683894395828247,0.0011381083168089375,-0.012552080675959587,-0.010703735053539276,-0.06877129524946075,11.27461051940918,0.005807199515402184,0.00014480144404923977,1.1969527006149292,0.8193728923797607,-0.005148216150701173,-0.04819289222359657,0.9504163861274719
40,0,0,1.0,-0.0030990118242703894,-0.007931870872381024,0.00014480144404923977,-1.1683894395828247,0.0011381083168089375,-0.012552080675959587,-0.006441622506827116,0.04507500678301018,13.083516120910645,0.005807199515402184,0.00014480144404923977,1.1969527006149292,0.8398768901824951,-0.005148216150701173,-0.04819289222359657,0.9504163861274719
41,0,0,1.0,-0.0016697699949380549,0.018326045235688877,-0.00012480271521601798,0.24198655784130096,0.02377973683178425,-0.011590361595153812,0.008478186093270779,0.026420572772623403,10.574480056762695,0.005815363023429971,-0.00012480271521601798,1.2367761135101318,0.8603639602661133,-0.005595635622739926,-0.049163639545440674,1.0030230283737183
42,0,0,1.0,-0.0016697699949380549,0.018326045235688877,-0.00012480271521601798,0.24198655784130096,0.02377973683178425,-0.011590361595153812,0.019182374700903893,-0.052625194191931415,10.307829856872559,0.005815363023429971,-0.00012480271521601798,1.2367761135101318,0.880922794342041,-0.005595635622739926,-0.049163639545440674,1.0030230283737183
43,0,0,1.0,-0.0004937570552607307,-0.0036038443817811884,-0.0002542677305009712,-1.4976330995559692,0.06465362012386322,-0.012025168165564546,0.011011437512934208,-0.009053628891705112,11.06479263305664,0.005829566158354141,-0.0002542677305009712,1.2693564891815186,0.9013988971710205,-0.005167741328477996,-0.04728661850094795,1.027462363243103
44,0,0,1.0,0.0017831706688725155,0.01577905322446702,-0.0004633858831153447,0.5062002539634705,0.00610593520104885,-0.008337962441146374,0.0009663340169936419,0.05296284332871554,9.60330867767334,0.005934630054980372,-0.0004633858831153447,1.29889714717865,0.9218218326568604,-0.0045168488286437,-0.04918442294001579,1.0465400218963623
45,0,0,1.0,0.0017831706688725155,0.01577905322446702,-0.0004633858831153447,0.5062002539634705,0.00610593520104885,-0.008337962441146374,-0.001863406621851027,-0.06687999516725403,11.198487281799316,0.005934630054980372,-0.0004633858831153447,1.29889714717865,0.942255973815918,-0.0045168488286437,-0.04918442294001579,1.0465400218963623
46,0,0,1.0,0.0020737252442591457,-0.01325665417909547,-0.0005614983023204555,0.40721505880355835,0.010381456464529037,-0.005392788443714381,-0.013157667592167854,-0.014032687060533731,9.979318618774414,0.0060182451270519195,-0.0005614983023204555,1.3319495916366577,0.9627828598022461,-0.004199521616101404,-0.046290189027786255,1.0514583587646484
47,0,0,1.0,0.0020737252442591457,-0.01325665417909547,-0.0005614983023204555,0.40721505880355835,0.010381456464529037,-0.005392788443714381,-0.01932537741959095,0.05501386150717844,8.902310371398926,0.0060182451270519195,-0.0005614983023204555,1.3319495916366577,0.9832749366760254,-0.004199521616101404,-0.046290189027786255,1.0514583587646484
48,0,0,1.0,0.0013814085615491175,0.009460383022698736,-0.0005517491502045319,1.38573157787323,-0.049165625125169754,-0.004458803683519357,-0.018896589055657387,-0.03812639415263996,10.962414741516113,0.006075037643313254,-0.0005517491502045319,1.367492914199829,1.0037479400634766,-0.004401993937790533,-0.04849417507648468,1.0502617359161377
49,0,0,1.0,-0.0008842398303225129,-0.026428295407853315,-0.0004021487600766315,-0.5297864675521851,-0.05105208232998848,0.0009642930235713783,-0.01995888166129589,-0.0516721941530693,9.410942077636719,0.006117640994489036,-0.0004021487600766315,1.39845871925354,1.0242228507995605,-0.005185915622860333,-0.04362941533327103,1.06478750705719
50,0,0,1.0,-0.0008842398303225129,-0.026428295407853315,-0.0004021487600766315,-0.5297864675521851,-0.05105208232998848,0.0009642930235713783,-0.03114187717437744,0.05098498240113398,11.367562294006348,0.006117640994489036,-0.0004021487600766315,1.39845871925354,1.0447947978973389,-0.005185915622860333,-0.04362941533327103,1.06478750705719
51,0,0,1.0,-0.0026593731740491935,0.005851056683967604,-8.440346100182421e-05,-0.25039079785346985,-0.015437730588018894,0.003997009713202717,-0.009574009105563164,0.0038944338448357123,9.360602378845215,0.006095127202570276,-8.440346100182421e-05,1.4407187700271606,1.0652639865875244,-0.0062104496173562,-0.04046041890978813,1.0521613359451294
52,0,0,1.0,-0.0020732631178919355,-0.008982594451812102,9.503930502234927e-05,-0.7070019245147705,0.04731442779302597,0.004404928535223001,0.0009929544758051634,-0.04210695624351402,8.08069133758545,0.006067709065973592,9.503930502234927e-05,1.473915696144104,1.0857288837432861,-0.006547523662448061,-0.03769879415631294,1.0031038522720337
53,0,0,1.0,-0.0020732631178919355,-0.008982594451812102,9.503930502234927e-05,-0.7070019245147705,0.04731442779302597,0.004404928535223001,0.004934716038405895,0.019132122397423693,7.3718719482421875,0.006067709065973592,9.503930502234927e-05,1.473915696144104,1.1061949729919434,-0.006547523662448061,-0.03769879415631294,1.0031038522720337
54,0,0,1.0,-0.0006576112747190345,0.014023094356495243,0.0004769708156500264,0.37705016136169434,0.012656757608056068,0.005529238842427729,0.004356551915407181,-0.028328575193881166,6.7261457443237305,0.0060890689492223956,0.0004769708156500264,1.5004631280899048,1.1267290115356445,-0.006472088862210635,-0.038633428514003754,0.9338671565055847
55,0,0,1.0,-0.0006576112747190345,0.014023094356495243,0.0004769708156500264,0.37705016136169434,0.012656757608056068,0.005529238842427729,0.0022573322057724,-0.0019685816951086634,7.693601608276367,0.0060890689492223956,0.0004769708156500264,1.5004631280899048,1.1471569538116455,-0.006472088862210635,-0.038633428514003754,0.9338671565055847
56,0,0,1.0,0.0011079821857485977,0.005141275824578909,0.0008427534924498918,0.2731502950191498,0.04139868542551994,0.00502852769568562,0.0031287269666790962,0.013690227642656308,7.637904644012451,0.006167550571262664,0.0008427534924498918,1.5314797163009644,1.167604923248291,-0.0061364206485451395,-0.03959145024418831,0.8501174449920654
57,0,0,1.0,0.001451781519784682,0.013924562671045146,0.0009983913589017208,0.4488328993320465,0.0057963645085692414,0.00517932092770934,0.002583390800282359,-0.021055385470389393,7.558303356170654,0.006211009342223229,0.0009983913589017208,1.56217360496521,1.1880719661712646,-0.00556287728250037,-0.04244108870625496,0.7635928392410278
58,0,0,1.0,0.001451781519784682,0.013924562671045146,0.0009983913589017208,0.4488328993320465,0.0057963645085692414,0.00517932092770934,-0.001389157259836793,-0.004241054411976693,6.828850269317627,0.006211009342223229,0.0009983913589017208,1.56217360496521,1.2085509300231934,-0.00556287728250037,-0.04244108870625496,0.7635928392410278
59,0,0,1.0,0.00194651917320349,0.0032955504525580583,0.0012972867262049026,-0.23262564837932587,0.013482430949807167,0.0038814297877252085,-0.0030550635419785976,0.008985424414277795,5.863152027130127,0.006217900197952807,0.0012972867262049026,1.5806822776794434,1.229099988937378,-0.005228265188634489,-0.042914461344480515,0.6846051812171936
60,0,0,1.0,0.00194651917320349,0.0032955504525580583,0.0012972867262049026,-0.23262564837932587,0.013482430949807167,0.0038814297877252085,-0.001863685087300837,-0.009636072441934715,6.7317705154418945,0.006217900197952807,0.0012972867262049026,1.5806822776794434,1.2495288848876953,-0.005228265188634489,-0.042914461344480515,0.6846051812171936
61,0,0,1.0,0.002043009623258477,0.005539669109469875,0.0015076106152594174,-0.17447398602962494,-0.01893593743443489,0.001599167007952931,-0.004727482330054045,-0.00771848112344657,6.9235100746154785,0.006230603437870559,0.0015076106152594174,1.6059041023254395,1.2699899673461914,-0.004705824889242726,-0.04364507645368576,0.5494552850723267
62,0,0,1.0,0.0017219600065447689,0.0006952923675193196,0.0015650904124020497,-0.20853613317012787,-0.010766364634037018,2.3897504433990843e-05,-0.00422962149605155,0.0038713244721301676,6.719139099121094,0.006306059192865903,0.0015650904124020497,1.624327301979065,1.2904999256134033,-0.004349938128143612,-0.04304543510079384,0.4422760605812073
63,0,0,1.0,0.0017219600065447689,0.0006952923675193196,0.0015650904124020497,-0.20853613317012787,-0.010766364634037018,2.3897504433990843e-05,-0.005600492004305124,0.00042925914749587416,6.882096290588379,0.006306059192865903,0.0015650904124020497,1.624327301979065,1.311004877090454,-0.004349938128143612,-0.04304543510079384,0.4422760605812073
64,0,0,1.0,0.0014257188432032872,0.001889636958424401,0.001595932147865035,0.002800538670271635,-0.024023128673434258,-0.002645207569003102,-0.005203159525990486,-0.006189993117003904,5.951001167297363,0.006418354809284025,0.001595932147865035,1.635420560836792,1.3315229415893555,-0.00411973008885985,-0.04262906312942505,0.36247003078460693
65,0,0,1.0,0.0006974736152217128,-0.0008514632961303931,0.0015376418721000996,0.01180268730968237,-0.006300784647464753,-0.004156366456300019,-0.005459880456328392,-0.0015864183660589165,6.078191757202148,0.0065418197773395095,0.0015376418721000996,1.6469672918319702,1.351938009262085,-0.0040043233893812084,-0.041844442486763,0.23271551728248596
66,0,0,1.0,0.0006974736152217128,-0.0008514632961303931,0.0015376418721000996,0.01180268730968237,-0.006300784647464753,-0.004156366456300019,-0.0056068324483931065,-0.00018320837989369292,6.54953145980835,0.0065418197773395095,0.0015376418721000996,1.6469672918319702,1.3724219799041748,-0.0040043233893812084,-0.041844442486763,0.23271551728248596
67,0,0,1.0,0.0004792247577861382,0.0009232897695724525,0.0014832005595044927,0.08663089573383331,-0.013472574763000011,-0.004706626292318104,-0.005103272385895252,-0.002415304305031125,6.292119979858398,0.006685283966362288,0.0014832005595044927,1.6546632051467896,1.3928449153900146,-0.003971679136157058,-0.04110843315720558,0.10513956099748611
68,0,0,1.0,0.0004792247577861382,0.0009232897695724525,0.0014832005595044927,0.08663089573383331,-0.013472574763000011,-0.004706626292318104,-0.006025828421115875,-0.0024553094990543904,6.178564548492432,0.006685283966362288,0.0014832005595044927,1.6546632051467896,1.4133617877960205,-0.003971679136157058,-0.04110843315720558,0.10513956099748611
69,0,0,1.0,1.8445493692640094e-05,0.0003947965993115412,0.0013575537324701055,-0.013019617646932602,-0.00760457618162036,-0.005004604347050189,-0.005744479596614838,0.001224082778208766,6.598905086517334,0.006773067172616532,0.0013575537324701055,1.6571869850158691,1.4338359832763672,-0.00404625805094839,-0.04064992070198059,0.001046389807015657
70,0,0,1.0,-0.00019938884076402402,0.0020030619454499106,0.0012684211530732045,-0.016831839457154274,-0.003104860428720713,-0.0049359118565917015,-0.006915927864611149,-0.0029591768980018296,6.492363929748535,0.006853271741419842,0.0012684211530732045,1.6560767889022827,1.4542968273162842,-0.004209998995065683,-0.04039643332362175,-0.12125632166862488
71,0,0,1.0,-0.00019938884076402402,0.0020030619454499106,0.0012684211530732045,-0.016831839457154274,-0.003104860428720713,-0.0049359118565917015,-0.006515635177493095,-0.003832116490229148,6.664963245391846,0.006853271741419842,0.0012684211530732045,1.6560767889022827,1.4747788906097412,-0.004209998995065683,-0.04039643332362175,-0.12125632166862488
72,0,0,1.0,-0.000277139918355665,0.0008748090668026878,0.0012339386787113453,-0.07098851352930069,-0.004752556793391705,-0.0049985833466053,-0.006783331744372845,-0.0025416645221404102,6.597575664520264,0.006851538550108484,0.0012339386787113453,1.651716709136963,1.4952189922332764,-0.0043699447996914205,-0.04027109593153,-0.21629676222801208
73,0,0,1.0,-0.000277139918355665,0.0008748090668026878,0.0012339386787113453,-0.07098851352930069,-0.004752556793391705,-0.0049985833466053,-0.005767790600657463,-0.002694526687263624,6.680883407592773,0.006851538550108484,0.0012339386787113453,1.651716709136963,1.515819787979126,-0.0043699447996914205,-0.04027109593153,-0.21629676222801208
74,0,0,1.0,-0.00041549693393015945,0.0010058068642119283,0.0011584923876123046,0.02051582559943199,-0.0024400576949119572,-0.004922507330775261,-0.004602659493684769,-0.0033913559745989007,6.683004379272461,0.007039658259600215,0.0011584923876123046,1.6449886560440063,1.5363128185272217,-0.004515371285378902,-0.03926503285765648,-0.32474976778030396
75,0,0,1.0,-0.0004805741535286988,0.00010330858404075026,0.0010869424483963047,0.005765573587268591,-0.0006447341293096548,-0.0046834866516292095,-0.005846020765602589,-0.0017847076524040624,6.8751220703125,0.007132276892661864,0.0010869424483963047,1.6349447965621948,1.5567798614501953,-0.0046940841712057165,-0.03853018954396248,-0.4212634265422821
76,0,0,1.0,-0.0004805741535286988,0.00010330858404075026,0.0010869424483963047,0.005765573587268591,-0.0006447341293096548,-0.0046834866516292095,-0.0054087028838694096,2.748216502450385e-05,6.690489292144775,0.007132276892661864,0.0010869424483963047,1.6349447965621948,1.5772898197174072,-0.0046940841712057165,-0.03853018954396248,-0.4212634265422821
77,0,0,1.0,-0.0005013964155172334,0.0004863187758434193,0.0010630745337603467,0.016318846493959427,-0.0007623066776432102,-0.004539242945611477,-0.00551418773829937,-0.003076118649914007,6.971028804779053,0.007193571422248896,0.0010630745337603467,1.6214115619659424,1.5977368354797363,-0.004877408500760739,-0.037905119359493256,-0.5166382193565369
78,0,0,1.0,-0.0004989227710917954,-0.0001394699336435517,0.001051092954651958,0.010518028400838375,0.0005864548147656018,-0.004249896388500929,-0.004331504926085472,-0.0012542945332816313,7.2431206703186035,0.00723940785974246,0.001051092954651958,1.6065171957015991,1.6181538105010986,-0.005069007165729935,-0.03726726025342941,-0.5963801741600037
79,0,0,1.0,-0.0004989227710917954,-0.0001394699336435517,0.001051092954651958,0.010518028400838375,0.0005864548147656018,-0.004249896388500929,-0.005652810446918011,-0.0014942763373247286,6.8953657150268555,0.00723940785974246,0.001051092954651958,1.6065171957015991,1.6386339664459229,-0.005069007165729935,-0.03726726025342941,-0.5963801741600037
80,0,0,1.0,-0.00048512076547202964,2.0791483874946575e-05,0.001051558881212785,-0.03576039895415306,0.000248973752604797,-0.00413804966956377,-0.005740217864513397,-0.003552963957189601,7.451946258544922,0.007262042723595917,0.001051558881212785,1.5843515396118164,1.6591029167175293,-0.00530777778476469,-0.036706242710351944,-0.6881409287452698
81,0,0,1.0,-0.00048512076547202964,2.0791483874946575e-05,0.001051558881212785,-0.03576039895415306,0.000248973752604797,-0.00413804966956377,-0.004434576258063316,-0.003498251317067986,7.745548248291016,0.007262042723595917,0.001051558881212785,1.5843515396118164,1.6795988082885742,-0.00530777778476469,-0.036706242710351944,-0.6881409287452698
82,0,0,1.0,-0.0004735420718079447,-0.00021378022838311592,0.0010473155192500503,0.013139795511960983,0.00024171316181309472,-0.004015163518488407,-0.005781072657555342,-0.0025355736725023548,7.170967102050781,0.007245100568979803,0.0010473155192500503,1.5588688850402832,1.7000839710235596,-0.005543039180338295,-0.03613597899675369,-0.7792859673500061
83,0,0,1.0,-0.0004640386999734121,0.00027537280241730395,0.0010736692265692158,-0.04857878386974335,-0.0003692719619721179,-0.0037747735623270273,-0.003914712928235531,-0.0036537609994401993,7.737457275390625,0.007323390804230994,0.0010736692265692158,1.535110592842102,1.7204859256744385,-0.005694529041647815,-0.035397712141275406,-0.8503900766372681
84,0,0,1.0,-0.0004640386999734121,0.00027537280241730395,0.0010736692265692158,-0.04857878386974335,-0.0003692719619721179,-0.0037747735623270273,-0.005266173742711544,-0.0045092012733212025,7.37054443359375,0.007323390804230994,0.0010736692265692158,1.535110592842102,1.7409398555755615,-0.005694529041647815,-0.035397712141275406,-0.8503900766372681
85,0,0,1.0,-0.0004743638266285574,-0.0003589868612295621,0.001130885132575137,0.04740994796156883,-0.0006933062104508285,-0.0037242090329527855,-0.0054398165084421635,-0.0011266618967046096,8.311988830566406,0.007384885102510284,0.001130885132575137,1.5110433101654053,1.7614078521728516,-0.005861218553036349,-0.03442613407969475,-0.8988450169563293
86,0,0,1.0,-0.0004743638266285574,-0.0003589868612295621,0.001130885132575137,0.04740994796156883,-0.0006933062104508285,-0.0037242090329527855,-0.004061443265527487,-0.0025186748243857617,8.765700340270996,0.007384885102510284,0.001130885132575137,1.5110433101654053,1.7820849418640137,-0.005861218553036349,-0.03442613407969475,-0.8988450169563293
87,0,0,1.0,-0.0004893424927642439,-2.8274595842355694e-05,0.0011654516575139986,-0.013664782047271729,-0.0007508707931265239,-0.003718066029250622,-0.00490011740475893,-0.004123673774301055,7.76283073425293,0.00740134203806503,0.0011654516575139986,1.483231782913208,1.802607774734497,-0.006048822775483023,-0.033750008791685104,-0.9475780129432678
88,0,0,1.0,-0.00044902587264082975,-0.00023601212926462902,0.0012245875471861534,0.05949711799621582,0.0009238637867383655,-0.003761765779927373,-0.005478502716869116,-0.0022420771419991463,8.590847969055176,0.0073881046846507375,0.0012245875471861534,1.4467955827713013,1.8230547904968262,-0.00627297675237048,-0.03290817514061928,-1.0048954486846924
89,0,0,1.0,-0.00044902587264082975,-0.00023601212926462902,0.0012245875471861534,0.05949711799621582,0.0009238637867383655,-0.003761765779927373,-0.004854843486100435,-0.0020119878463437336,7.96699857711792,0.0073881046846507375,0.0012245875471861534,1.4467955827713013,1.8435139656066895,-0.00627297675237048,-0.03290817514061928,-1.0048954486846924
90,0,0,1.0,-0.00042119804823664196,0.00014365156893425833,0.0012663983170897461,-0.054166197776794434,0.003722920315340161,-0.0038029751740396027,-0.0033887610770761967,-0.005748144350944863,8.872737884521484,0.007347682956605993,0.0012663983170897461,1.4155458211898804,1.863933801651001,-0.0064410101622341875,-0.03259846195578575,-1.0292314291000366
91,0,0,1.0,-0.0003310700959723408,1.5801822401269884e-05,0.0013008177748189502,0.05345277860760689,0.004600515589118003,-0.003746714442968369,-0.003719540312886238,-0.002427314873783561,9.957667350769043,0.007335088215768184,0.0013008177748189502,1.3894429206848145,1.88438081741333,-0.0065199048258362995,-0.03209381923079491,-1.0393074750900269
92,0,0,1.0,-0.0003310700959723408,1.5801822401269884e-05,0.0013008177748189502,0.05345277860760689,0.004600515589118003,-0.003746714442968369,-0.0016846436774358153,-0.001626940676941364,9.012519836425781,0.007335088215768184,0.0013008177748189502,1.3894429206848145,1.9048869609832764,-0.0065199048258362995,-0.03209381923079491,-1.0393074750900269
93,0,0,1.0,-0.00019705993187459268,0.00039821544360180426,0.0014207311118718093,-0.09424115717411041,0.005616838112473487,-0.003969996701925994,-0.002869133371859789,-0.00757224299013497,9.60607624053955,0.007316655479371398,0.0014207311118718093,1.3583818674087524,1.9253997802734375,-0.006589135155081628,-0.031700968742370605,-1.0442439317703247
94,0,0,1.0,-0.00019705993187459268,0.00039821544360180426,0.0014207311118718093,-0.09424115717411041,0.005616838112473487,-0.003969996701925994,-0.002807911718264222,-0.00436336454003927,9.986064910888672,0.007316655479371398,0.0014207311118718093,1.3583818674087524,1.9458978176116943,-0.006589135155081628,-0.031700968742370605,-1.0442439317703247
95,0,0,1.0,-3.609807607566765e-05,0.0014796746910894962,0.0015016659454382324,0.08474405109882355,0.00035669328644871663,-0.0038955972995609045,-0.0037612770684063435,-0.007831516675649875,9.793886184692383,0.007268889807164525,0.0015016659454382324,1.3198907375335693,1.966322898864746,-0.006622094195335981,-0.031039420515298843,-1.0543020963668823
96,0,0,1.0,-3.0428854933772208e-05,0.00045688457880373396,0.0015642313537070432,-0.12902995944023132,-0.0004562268150039022,-0.00400003744289279,-0.004752476699650288,-0.006700354628263784,9.141349792480469,0.0072057088837026145,0.0015642313537070432,1.2880244255065918,1.9867429733276367,-0.006705993786454078,-0.030575718730688095,-1.0659191608428955
97,0,0,1.0,-3.0428854933772208e-05,0.00045688457880373396,0.0015642313537070432,-0.12902995944023132,-0.0004562268150039022,-0.00400003744289279,-0.00467703165486455,0.0003471986856323539,9.781944274902344,0.0072057088837026145,0.0015642313537070432,1.2880244255065918,2.0073578357696533,-0.006705993786454078,-0.030575718730688095,-1.0659191608428955
98,0,0,1.0,-9.56028120203369e-05,-0.0004009539616099934,0.001650742775365033,0.10428322851657867,-0.009212590754032135,-0.004451164510101079,-0.0045003085397183895,-0.003078716574235401,11.02078914642334,0.007124527823179823,0.001650742775365033,1.2606552839279175,2.027768850326538,-0.006800529081374285,-0.02987770177423954,-1.047631025314331
99,0,0,1.0,-9.56028120203369e-05,-0.0004009539616099934,0.001650742775365033,0.10428322851657867,-0.009212590754032135,-0.004451164510101079,-0.004040537867695093,-0.010299788787959745,10.301398277282715,0.007124527823179823,0.001650742775365033,1.2606552839279175,2.048264980316162,-0.006800529081374285,-0.02987770177423954,-1.047631025314331
100,0,0,1.0,-0.00034296861196673795,-0.0026924327290200993,0.001778049002979478,-0.1169450432062149,0.0012037775013595815,-0.004055940546095371,-0.0027937341947108507,-0.002459703013299728,9.538297653198242,0.007003855425864325,0.001778049002979478,1.2223803997039795,2.068681001663208,-0.007043944671749949,-0.029052186757326126,-1.02772057056427
101,0,0,1.0,-0.0003404306060644006,-0.002089726823568259,0.001837706558369447,0.12879738211631775,-2.925303124357065e-05,-0.004098639357835054,-0.002563133602961898,-0.0012387938331800449,9.938885688781738,0.0069031175225971846,0.001837706558369447,1.1913111209869385,2.0891289710998535,-0.007189590018242479,-0.027973350137472153,-1.0226619243621826
102,0,0,1.0,-0.0003404306060644006,-0.002089726823568259,0.001837706558369447,0.12879738211631775,-2.925303124357065e-05,-0.004098639357835054,-0.0015448619378730655,-0.009520369581876863,10.800171852111816,0.0069031175225971846,0.001837706558369447,1.1913111209869385,2.109606981277466,-0.007189590018242479,-0.027973350137472153,-1.0226619243621826
103,0,0,1.0,-0.00027421497278444783,-0.0006039583178110249,0.0019474361986387412,-0.12803292274475098,0.010804853402078152,-0.004485527984797956,-0.0005357377231121063,-0.0038077007047817623,11.749089241027832,0.006827148608863229,0.0019474361986387412,1.1582311391830444,2.1300339698791504,-0.007236035540699846,-0.02707526460289955,-0.9719293713569641
104,0,0,1.0,-8.414511786599538e-05,0.0027966594953813665,0.002018297069085311,0.11680221557617188,-0.0008032982586883014,-0.004494891967624426,-0.0021564008202403784,0.0015087485080598818,11.378568649291992,0.006786631420254587,0.002018297069085311,1.133890986442566,2.1505978107452393,-0.007232275791466127,-0.026529792696237564,-0.9387851357460022
105,0,0,1.0,-8.414511786599538e-05,0.0027966594953813665,0.002018297069085311,0.11680221557617188,-0.0008032982586883014,-0.004494891967624426,-0.002676371019333601,-0.009546613320707005,10.371673583984375,0.006786631420254587,0.002018297069085311,1.133890986442566,2.1710288524627686,-0.007232275791466127,-0.026529792696237564,-0.9387851357460022
106,0,0,1.0,-3.730606907943991e-05,0.001310447740102853,0.0020416539803118448,-0.16732634603977203,0.0018036004621535533,-0.004715456627309322,-0.004915610887110233,-0.0057459962554261635,11.720535278320312,0.006693737115710857,0.0020416539803118448,1.1056430339813232,2.191433906555176,-0.007292431313544409,-0.026604119688272476,-0.890623152256012
107,0,0,1.0,-3.730606907943991e-05,0.001310447740102853,0.0020416539803118448,-0.16732634603977203,0.0018036004621535533,-0.004715456627309322,-0.006658785045146942,0.004146995954216897,11.19063663482666,0.006693737115710857,0.0020416539803118448,1.1056430339813232,2.211894989013672,-0.007292431313544409,-0.026604119688272476,-0.890623152256012
108,0,0,1.0,-0.00020211638763065133,0.00335913050188013,0.0020752274607211585,0.20677688717842102,-0.007825418375432491,-0.005075326189398765,-0.00539917778223753,-0.00863755121827001,10.174912452697754,0.006564690731465703,0.0020752274607211585,1.0764738321304321,2.2325239181518555,-0.007451894227415225,-0.026746345683932304,-0.852430522441864
109,0,0,1.0,-0.0004231280963945472,-0.0004910009681299535,0.002105086581010367,-0.13532038033008575,-0.0025712978094816212,-0.005222083535045385,-0.0034835138358175755,-0.011598051525650998,11.509428024291992,0.006423041224479565,0.002105086581010367,1.0467453002929688,2.25308895111084,-0.007688696496188548,-0.02694038487970829,-0.8089768290519714
110,0,0,1.0,-0.0004231280963945472,-0.0004910009681299535,0.002105086581010367,-0.13532038033008575,-0.0025712978094816212,-0.005222083535045385,-0.0021675191819667816,0.0017378524644313207,10.50539493560791,0.006423041224479565,0.002105086581010367,1.0467453002929688,2.2736599445343018,-0.007688696496188548,-0.02694038487970829,-0.8089768290519714
111,0,0,1.0,-0.0004227995181395812,0.0009221232365833073,0.0021091712140547643,0.12086750566959381,0.00384929496794939,-0.005224911496043206,-0.0018554131966084242,-0.013220094144342854,12.057886123657227,0.006296942941844357,0.0021091712140547643,1.0222541093826294,2.2942328453063965,-0.007805672939866696,-0.026715880259871483,-0.7469409704208374
112,0,0,1.0,-0.0004227995181395812,0.0009221232365833073,0.0021091712140547643,0.12086750566959381,0.00384929496794939,-0.005224911496043206,-0.0009451182559132576,-0.010367526672778965,12.648077964782715,0.006296942941844357,0.0021091712140547643,1.0222541093826294,2.3147928714752197,-0.007805672939866696,-0.026715880259871483,-0.7469409704208374
113,0,0,1.0,-0.00024776476464588164,-0.003955031437632169,0.0021025263710274743,-0.04455310106277466,0.0002645517815835767,-0.005735692568123341,0.00046584615483880043,0.0041410150006426895,10.969454765319824,0.006223075091838733,0.0021025263710274743,1.0032200813293457,2.3353610038757324,-0.00779595458880059,-0.025163671001791954,-0.6900537610054016
114,0,0,1.0,8.33232150146109e-05,0.00035172530203474427,0.002087969861867189,-0.15117618441581726,0.011585135944187641,-0.006180076859891416,0.0003129849210381508,-0.011304382234810369,11.541513442993164,0.006141930818557639,0.002087969861867189,0.9790850281715393,2.355907917022705,-0.007729467470198797,-0.02423725090920925,-0.6384237408638
115,0,0,1.0,8.33232150146109e-05,0.00035172530203474427,0.002087969861867189,-0.15117618441581726,0.011585135944187641,-0.006180076859891416,-0.0030946461483836174,-0.013752676546572291,11.012871742248535,0.006141930818557639,0.002087969861867189,0.9790850281715393,2.376494884490967,-0.007729467470198797,-0.02423725090920925,-0.6384237408638
116,0,0,1.0,0.0001348107227522154,-0.0037731982481136925,0.0020600562040827596,-0.10960878431797028,0.0010760445147752753,-0.006340907886624336,-0.004186852835118771,0.011055124923588296,11.840274810791016,0.006021211855113408,0.0020600562040827596,0.9583593010902405,2.397063970565796,-0.007722093258052999,-0.022583436220884323,-0.5704002976417542
117,0,0,1.0,-0.00012092865692148404,0.003148562601306302,0.001986530415378967,-0.2646956145763397,-0.012513293884694576,-0.006419420242309569,-0.005571973510086536,-0.004228771664200647,12.792677879333496,0.005901512224227094,0.001986530415378967,0.9417791366577148,2.4175918102264404,-0.007905607111751978,-0.02355277724564075,-0.4892885684967041
118,0,0,1.0,-0.00012092865692148404,0.003148562601306302,0.001986530415378967,-0.2646956145763397,-0.012513293884694576,-0.006419420242309569,-0.006941740866750479,-0.029862832278011793,11.733901023864746,0.005901512224227094,0.001986530415378967,0.9417791366577148,2.4381628036499023,-0.007905607111751978,-0.02355277724564075,-0.4892885684967041
119,0,0,1.0,-0.0006081580566837777,-0.0007267508215688747,0.0019363634057330216,0.8038660883903503,-0.002092321868985892,-0.006270881742238998,-0.011654740199446678,0.017146313562990817,12.924238204956055,0.0057589071802794,0.0019363634057330216,0.9277072548866272,2.4587318897247314,-0.008178005926310973,-0.020927311852574345,-0.3919386565685272
120,0,0,1.0,-0.0006081580566837777,-0.0007267508215688747,0.0019363634057330216,0.8038660883903503,-0.002092321868985892,-0.006270881742238998,0.00012332922779023647,0.012937547639013985,13.450566291809082,0.0057589071802794,0.0019363634057330216,0.9277072548866272,2.4792978763580322,-0.008178005926310973,-0.020927311852574345,-0.3919386565685272
121,0,0,1.0,-0.000668337106785319,0.00909590614917003,0.0019073286130556286,-0.01874338462948799,0.001582420198246836,-0.005960192997008562,0.015884194523096085,-0.055645924061535255,12.529167175292969,0.005591995548456815,0.0019073286130556286,0.9164769649505615,2.4998748302459717,-0.008046417497098416,-0.022692080587148663,-0.2801375091075897
122,0,0,1.0,0.0007439173518925265,-0.001318086546766596,0.0018571749714329667,1.4308552742004395,0.0353662371635437,-0.005002946592867379,0.01915864832699299,0.03183111175894912,14.272520065307617,0.00545104732736936,0.0018571749714329667,0.9108549952507019,2.5204389095306396,-0.00752659095451234,-0.01887555606663227,-0.17812247574329376
123,0,0,1.0,0.0007439173518925265,-0.001318086546766596,0.0018571749714329667,1.4308552742004395,0.0353662371635437,-0.005002946592867379,-1.2377044185996056e-05,0.030581595376135605,13.775633811950684,0.00545104732736936,0.0018571749714329667,0.9108549952507019,2.5409398078918457,-0.00752659095451234,-0.01887555606663227,-0.17812247574329376
124,0,0,1.0,0.0010077652051140558,-0.00869584018221145,0.0018347559774117633,-1.2300770282745361,-0.00646853493526578,-0.004324129782617091,-0.02310841530561447,-0.09713403135537928,14.162506103515625,0.005255061667412429,0.0018347559774117633,0.9074551463127136,2.56135892868042,-0.007270259782671933,-0.02520398423075676,-0.009426547214388849
125,0,0,1.0,0.0010077652051140558,-0.00869584018221145,0.0018347559774117633,-1.2300770282745361,-0.00646853493526578,-0.004324129782617091,-0.01484934613108635,0.058825343847276675,15.462138175964355,0.005255061667412429,0.0018347559774117633,0.9074551463127136,2.581866979598999,-0.007270259782671933,-0.02520398423075676,-0.009426547214388849
126,0,0,1.0,-0.00014106224039485125,0.009424495130095788,0.0018232185087210416,1.8567898273468018,-0.06650975346565247,-0.0047808540984988135,-0.025638287886977196,0.03943751379847702,14.321731567382812,0.0050401207990943475,0.0018232185087210416,0.9102819561958313,2.6025350093841553,-0.008271549828350572,-0.027588402852416035,0.16421380639076233
127,0,0,1.0,-0.0020198493381632715,-0.017315924855856413,0.0018538964379021072,-2.537653923034668,-0.0025704149156808853,-0.001253010472282767,-0.015398583374917507,-0.12750709056854068,14.746728897094727,0.004796979017555622,0.0018538964379021072,0.9182494282722473,2.622997999191284,-0.009584255516529128,-0.02648769877851009,0.32789477705955505
128,0,0,1.0,-0.0020198493381632715,-0.017315924855856413,0.0018538964379021072,-2.537653923034668,-0.0025704149156808853,-0.001253010472282767,-0.01266399770975113,0.01558714732527922,15.440882682800293,0.004796979017555622,0.0018538964379021072,0.9182494282722473,2.6434168815612793,-0.009584255516529128,-0.02648769877851009,0.32789477705955505
129,0,0,1.0,-0.00033538148866799164,0.017046207804478238,0.0020152060638644336,1.7323709726333618,0.07613537460565567,-5.190540105105379e-05,0.02134695090353489,0.0981648564338701,13.771819114685059,0.004499875940382387,0.0020152060638644336,0.9323959946632385,2.663888931274414,-0.009220069274306363,-0.021446343511343,0.49473631381988525
130,0,0,1.0,0.001325661239967084,0.00038113735876904706,0.0020812119035955724,-2.313443660736084,0.0336783342063427,-0.003800631267949943,0.040312256664037704,-0.10519384592771347,14.972719192504883,0.0042698066681622505,0.0020812119035955724,0.9487790465354919,2.6843419075012207,-0.008589718490839086,-0.021018207073211666,0.6291701793670654
131,0,0,1.0,0.001325661239967084,0.00038113735876904706,0.0020812119035955724,-2.313443660736084,0.0336783342063427,-0.003800631267949943,-0.019432879984378815,-0.04456453770398918,14.320980072021484,0.0042698066681622505,0.0020812119035955724,0.9487790465354919,2.704838991165161,-0.008589718490839086,-0.021018207073211666,0.6291701793670654
132,0,0,1.0,-0.0010696274554631467,0.01822519371091817,0.0021877968986033676,2.5895402431488037,-0.07625146210193634,-0.001222971128299823,-0.027831897139549255,0.11758536845445798,13.4808349609375,0.004006745759397648,0.0021877968986033676,0.9698652029037476,2.725277900695801,-0.009372853673994637,-0.015453577041625975,0.748196005821228
133,0,0,1.0,-0.0010696274554631467,0.01822519371091817,0.0021877968986033676,2.5895402431488037,-0.07625146210193634,-0.001222971128299823,-0.031524140387773514,-0.013662695884702918,13.648845672607422,0.004006745759397648,0.0021877968986033676,0.9698652029037476,2.7457637786865234,-0.009372853673994637,-0.015453577041625975,0.748196005821228
134,0,0,1.0,-0.0019673253409076357,0.006961979015275201,0.0024442604367614076,-0.9108090400695801,0.04577166959643364,0.0039396407082676835,0.002471601590514183,-0.08378085494041285,12.882118225097656,0.0036501733120529838,0.0024442604367614076,0.9990473985671997,2.766256809234619,-0.010663663968443985,-0.0262257307767868,0.8889293670654297
135,0,0,1.0,-0.0004474024140418595,0.029680879012631618,0.0026355847502688118,2.0066592693328857,0.07281549274921417,0.0030451153870671896,0.036780208349227905,-0.00822900887578561,13.463461875915527,0.0033259764313696774,0.0026355847502688118,1.0286855697631836,2.786709785461426,-0.009878710843622815,-0.03860609233379364,0.9916468262672424
136,0,0,1.0,-0.0004474024140418595,0.029680879012631618,0.0026355847502688118,2.0066592693328857,0.07281549274921417,0.0030451153870671896,0.013014297932386398,-0.10482285171747067,11.47611141204834,0.0033259764313696774,0.0026355847502688118,1.0286855697631836,2.8071367740631104,-0.009878710843622815,-0.03860609233379364,0.9916468262672424
137,0,0,1.0,0.0013739215644170046,-0.0068807460906013885,0.0028273912579255267,-2.0702478885650635,0.08490290492773056,-0.0035579272080212936,-0.0006297443760558963,0.016077902168036923,11.567770004272461,0.0030073262751101363,0.0028273912579255267,1.0639033317565918,2.8276259899139404,-0.008927484974265236,-0.042704880237579346,1.0531307458877563
138,0,0,1.0,0.0013739215644170046,-0.0068807460906013885,0.0028273912579255267,-2.0702478885650635,0.08490290492773056,-0.0035579272080212936,-0.011139118112623692,0.06229979172349101,10.206293106079102,0.0030073262751101363,0.0028273912579255267,1.0639033317565918,2.848050832748413,-0.008927484974265236,-0.042704880237579346,1.0531307458877563
139,0,0,1.0,0.001975806860358542,0.0242313932489518,0.0028503482609595395,1.3394110202789307,-0.1005803570151329,-0.0022197929210960744,-0.028850950300693512,-0.07737334817647781,12.433450698852539,0.002736036665737516,0.0028503482609595395,1.0980318784713745,2.8685128688812256,-0.00836176518350854,-0.04438047483563423,1.0973187685012817
140,0,0,1.0,-0.00023158573902381255,0.007870971022277826,0.0029335444432437127,-1.9829280376434326,-0.07026603072881699,0.003610722720623025,-0.01301815826445818,-0.01056575123220538,11.768397331237793,0.002417707582935574,0.0029335444432437127,1.136330246925354,2.889014959335327,-0.009218663908541355,-0.04472700506448746,1.1630433797836304
141,0,0,1.0,-0.00023158573902381255,0.007870971022277826,0.0029335444432437127,-1.9829280376434326,-0.07026603072881699,0.003610722720623025,-0.006734030786901712,0.09389507025480406,11.148717880249023,0.002417707582935574,0.0029335444432437127,1.136330246925354,2.9095218181610107,-0.009218663908541355,-0.04472700506448746,1.1630433797836304
142,0,0,1.0,-0.000825415271205111,0.026582036018838552,0.003260504934569232,2.189002275466919,-0.03975061699748039,0.0013085461687296677,0.002275788690894842,0.009182654321194932,10.096001625061035,0.002135841641574977,0.003260504934569232,1.1677354574203491,2.929933786392212,-0.009462716989219345,-0.04552503302693367,1.1874520778656006
143,0,0,1.0,-0.0007249584543130217,0.023146097066609733,0.003531509527410904,-1.0354057550430298,0.10066701471805573,0.0022746939212083695,0.015878114849328995,-0.0533136799931515,9.1359281539917,0.0017877975478767095,0.003531509527410904,1.204763650894165,2.950525999069214,-0.009504636749625362,-0.056935425847768784,1.181334376335144
144,0,0,1.0,-0.0007249584543130217,0.023146097066609733,0.003531509527410904,-1.0354057550430298,0.10066701471805573,0.0022746939212083695,0.01897093653678894,0.03413715213537338,9.992570877075195,0.0017877975478767095,0.003531509527410904,1.204763650894165,2.9710559844970703,-0.009504636749625362,-0.056935425847768784,1.181334376335144
145,0,0,1.0,0.001210902251516775,0.02883345792734503,0.0038019670140403655,0.9264611005783081,0.045186739414930344,0.005859030410647387,0.008143341168761253,0.004349589813501721,8.803564071655273,0.001459238352253903,0.0038019670140403655,1.2422397136688232,2.992311954498291,-0.008818568661809125,-0.06349142640829086,1.168912649154663
146,0,0,1.0,0.001210902251516775,0.02883345792734503,0.0038019670140403655,0.9264611005783081,0.045186739414930344,0.005859030410647387,0.0032277624122798443,-0.03183110058307547,8.228113174438477,0.001459238352253903,0.0038019670140403655,1.2422397136688232,3.012784004211426,-0.008818568661809125,-0.06349142640829086,1.168912649154663
147,0,0,1.0,0.001401837247009446,0.01678324209792322,0.004163968631965279,-0.6796059012413025,0.021295616403222084,0.0018642628565430615,0.0028094411827623844,0.026659525930882676,9.592711448669434,0.0011304069776086648,0.004163968631965279,1.2814903259277344,3.033301830291748,-0.008198459632694876,-0.07105978578329086,1.1312848329544067
148,0,0,1.0,0.0022175330918153117,0.030392105274399107,0.004290776458948589,-0.3230735659599304,-0.03441593796014786,-0.006036969367414709,-0.0027418117970228195,0.006760308984668082,8.325377464294434,0.0008435611962339377,0.004290776458948589,1.3166102170944214,3.0538389682769775,-0.007519195321947487,-0.07717123627662659,1.0897314548492432
149,0,0,1.0,0.0022175330918153117,0.030392105274399107,0.004290776458948589,-0.3230735659599304,-0.03441593796014786,-0.006036969367414709,-0.006725330371409655,-0.038867443799971486,8.531229972839355,0.0008435611962339377,0.004290776458948589,1.3166102170944214,3.0744378566741943,-0.007519195321947487,-0.07717123627662659,1.0897314548492432
150,0,0,1.0,0.0014096504697075566,0.012897433392015168,0.0042343195641226525,-1.0842654705047607,-0.03129411116242409,-0.008887466974556443,-0.007538667879998684,0.016899473965168933,7.626171112060547,0.0005286213709040031,0.0042343195641226525,1.3555316925048828,3.095033884048462,-0.007216331083327675,-0.08104449510574341,1.0209847688674927
151,0,0,1.0,0.0014096504697075566,0.012897433392015168,0.0042343195641226525,-1.0842654705047607,-0.03129411116242409,-0.008887466974556443,-0.005403235089033842,0.016642825677991722,6.607116222381592,0.0005286213709040031,0.0042343195641226525,1.3555316925048828,3.1155829429626465,-0.007216331083327675,-0.08104449510574341,1.0209847688674927
152,0,0,1.0,0.0010808713600147359,0.017359029867027996,0.003914099983008203,0.39453810453414917,-0.03776054084300995,-0.014941761270165438,-0.006626898888498545,-0.02682158350944416,8.40700626373291,0.0002792804443741599,0.003914099983008203,1.3840506076812744,3.1361148357391357,-0.007095305714756384,-0.08291749656200409,0.9447122812271118
153,0,0,1.0,0.00019109176974329396,-0.008909848345987596,0.003503527061271949,-0.37311309576034546,-0.00804571993649006,-0.01431031711399555,-0.008442403748631477,-0.00796034839004191,7.124533653259277,-2.377830969650644e-05,0.003503527061271949,1.4174699783325195,3.156571865081787,-0.007302152458578473,-0.08233346790075302,0.869795024394989
154,0,0,1.0,0.00019109176974329396,-0.008909848345987596,0.003503527061271949,-0.37311309576034546,-0.00804571993649006,-0.01431031711399555,-0.012355911545455456,0.04020363837480645,8.174383163452148,-2.377830969650644e-05,0.003503527061271949,1.4174699783325195,3.1770758628845215,-0.007302152458578473,-0.08233346790075302,0.869795024394989
155,0,0,1.0,-0.0005656774588850582,0.00205941286866915,0.003335765476843451,1.0120971202850342,-0.0451914444565773,-0.013149956241250033,-0.005649982485920191,-0.004462523385881451,7.561971187591553,-0.0002999972493854979,0.003335765476843451,1.4441348314285278,3.1976559162139893,-0.007753873709589359,-0.08194843679666519,0.7969163060188293
156,0,0,1.0,-0.0019288992032573725,-0.0023317656756604343,0.003075264519066843,-0.5701808333396912,-0.006162304896861316,-0.010016183368861675,-0.005957305897027254,-0.01601594686508097,6.6748247146606445,-0.0005724929505960742,0.003075264519066843,1.466268539428711,3.2181057929992676,-0.008356123231351481,-0.08162340521812439,0.7208811044692993
157,0,0,1.0,-0.0019288992032573725,-0.0023317656756604343,0.003075264519066843,-0.5701808333396912,-0.006162304896861316,-0.010016183368861675,-0.011079949326813221,0.02620461955666642,8.151012420654297,-0.0005724929505960742,0.003075264519066843,1.466268539428711,3.2386388778686523,-0.008356123231351481,-0.08162340521812439,0.7208811044692993
158,0,0,1.0,-0.0021928840023946786,0.01590910966962197,0.0028457691073209227,0.27256253361701965,-0.029377896338701248,-0.010301444679498669,-0.002606865717098117,0.008528842590750126,7.036685943603516,-0.0009616496972741321,0.0028457691073209227,1.4925724267959595,3.2591350078582764,-0.009150601923465824,-0.082876056432724,0.618916928768158
159,0,0,1.0,-0.0021928840023946786,0.01590910966962197,0.0028457691073209227,0.27256253361701965,-0.029377896338701248,-0.010301444679498669,-0.0017777089960873127,-0.020589444786309367,6.767528057098389,-0.0009616496972741321,0.0028457691073209227,1.4925724267959595,3.279783010482788,-0.009150601923465824,-0.082876056432724,0.618916928768158
160,0,0,1.0,-0.0026062807567043436,0.008030440194195005,0.00270170986667542,-0.5843217968940735,0.011361577548086641,-0.010460814461112024,-0.0014538904651999474,0.0029196722898641603,7.607077598571777,-0.0013237232342364052,0.00270170986667542,1.5111004114151,3.3003058433532715,-0.009791675023734655,-0.08381202816963196,0.5357818007469177
161,0,0,1.0,-0.0017678247693201313,0.013048533138357202,0.002433711287585816,0.3249434232711792,0.01064532436430454,-0.011007989756762983,0.0007649911567568779,0.01828641444444734,6.358230113983154,-0.0016907497774811264,0.002433711287585816,1.5250426530838013,3.320819854736328,-0.010124531574547365,-0.08448436111211777,0.45050233602523804
162,0,0,1.0,-0.0017678247693201313,0.013048533138357202,0.002433711287585816,0.3249434232711792,0.01064532436430454,-0.011007989756762983,0.002137686125934124,-0.013027883134781431,7.207555770874023,-0.0016907497774811264,0.002433711287585816,1.5250426530838013,3.3413138389587402,-0.010124531574547365,-0.08448436111211777,0.45050233602523804
163,0,0,1.0,-0.0011145191685624292,0.0007116772577451954,0.002190397419850142,-0.22893373668193817,0.013642415404319761,-0.010513976216316225,0.002001360058784485,-0.003495041746645342,6.727476596832275,-0.0021951152011753816,0.002190397419850142,1.5396965742111206,3.3618218898773193,-0.010444816201925338,-0.08480091392993927,0.34562721848487854
164,0,0,1.0,-0.0011145191685624292,0.0007116772577451954,0.002190397419850142,-0.22893373668193817,0.013642415404319761,-0.010513976216316225,0.0014332304708659649,0.011604114435613927,6.299591541290283,-0.0021951152011753816,0.002190397419850142,1.5396965742111206,3.38244891166687,-0.010444816201925338,-0.08480091392993927,0.34562721848487854
165,0,0,1.0,-0.0008722618160195892,0.0011234796687492276,0.0020931133398102318,0.15685883164405823,0.019476812332868576,-0.010095627047121527,0.0019772930536419153,0.0014627231284984354,6.8164286613464355,-0.002692576264962724,0.0020931133398102318,1.5508822202682495,3.4029629230499268,-0.010581889189779805,-0.08393554389476776,0.2263389676809311
166,0,0,1.0,4.153346667148478e-06,-0.0027379277765887367,0.0018846348084625695,-0.20149725675582886,0.006146603263914584,-0.009779833257198334,0.0022501423954963684,-0.004726920276879482,6.389218330383301,-0.003131016856059603,0.0018846348084625695,1.5572136640548706,3.4235668182373047,-0.010567051358521018,-0.08263099193572998,0.11968058347702026
167,0,0,1.0,4.153346667148478e-06,-0.0027379277765887367,0.0018846348084625695,-0.20149725675582886,0.006146603263914584,-0.009779833257198334,0.002207791665568948,0.009466451592744214,6.667956829071045,-0.003131016856059603,0.0018846348084625695,1.5572136640548706,3.444119930267334,-0.010567051358521018,-0.08263099193572998,0.11968058347702026
168,0,0,1.0,0.0003639130634058907,0.00039032284669090946,0.0016856922081757196,0.09286287426948547,0.014379911124706267,-0.00946354027837515,0.001235585194081068,0.006234924308956453,6.398573398590088,-0.003534582676366143,0.0016856922081757196,1.5599035024642944,3.4646778106689453,-0.010512487962842007,-0.08131707459688187,0.01844916120171547
169,0,0,1.0,0.0005881637120414523,-0.0012112137946495409,0.00159077212520532,-0.14598672091960907,0.00717842811718583,-0.00960141606628895,0.0010597269283607602,-0.0035142924170933495,6.222780227661133,-0.00393564347177761,0.00159077212520532,1.5598386526107788,3.485121011734009,-0.010385207831859596,-0.08020102232694626,-0.08407782018184662
170,0,0,1.0,0.0005881637120414523,-0.0012112137946495409,0.00159077212520532,-0.14598672091960907,0.00717842811718583,-0.00960141606628895,-0.0003710027667693794,0.0025404570624240285,6.525292873382568,-0.00393564347177761,0.00159077212520532,1.5598386526107788,3.505631923675537,-0.010385207831859596,-0.08020102232694626,-0.08407782018184662
171,0,0,1.0,0.000623895048538081,-0.0012211862055813076,0.0013969561138339477,0.07364223897457123,0.004068134818226098,-0.009268699213862419,0.00014089011528994888,0.0007340975571431753,6.519837379455566,-0.00447412719950097,0.0013969561138339477,1.555603265762329,3.526324987411499,-0.010229839943349353,-0.07783490419387817,-0.21469315886497498
172,0,0,1.0,0.000623895048538081,-0.0012211862055813076,0.0013969561138339477,0.07364223897457123,0.004068134818226098,-0.009268699213862419,0.00014089011528994888,0.0007340975571431753,6.519837379455566,-0.00447412719950097,0.0013969561138339477,1.555603265762329,3.546895980834961,-0.010229839943349353,-0.07783490419387817,-0.21469315886497498
173,0,0,1.0,0.0005910922345520206,-0.0030535351723653217,0.001228438340401217,-0.05079641565680504,-0.004846215713769198,-0.008999193087220192,0.001534343115054071,0.0034467580262579744,6.671243190765381,-0.004797397647053173,0.001228438340401217,1.550326943397522,3.567546844482422,-0.010101617313921432,-0.0766003280878067,-0.2962678372859955
174,0,0,1.0,0.0005662701368783483,-0.002339874940140646,0.001162085624768838,0.0772877112030983,0.001219880417920648,-0.008933787234127522,0.0006647922564297915,0.0018906400073327879,6.7006120681762695,-0.005302597768604924,0.001162085624768838,1.5378894805908203,3.588104009628296,-0.009935607202351059,-0.0744762271642685,-0.42049548029899597
175,0,0,1.0,0.0005662701368783483,-0.002339874940140646,0.001162085624768838,0.0772877112030983,0.001219880417920648,-0.008933787234127522,0.0017999355914071202,-0.00021624844521202533,6.660638809204102,-0.005302597768604924,0.001162085624768838,1.5378894805908203,3.6086349487304688,-0.009935607202351059,-0.0744762271642685,-0.42049548029899597
176,0,0,1.0,0.0004991043071593385,-0.002495757827985224,0.001044282737884955,-0.06293028593063354,-0.003813681425526739,-0.00830239336937666,0.0012552911648526788,0.0035987317096450562,7.005819320678711,-0.005697692278772759,0.001044282737884955,1.5241550207138062,3.629164934158325,-0.009794045239686917,-0.07302200794219971,-0.5190798044204712
177,0,0,1.0,0.0004991043071593385,-0.002495757827985224,0.001044282737884955,-0.06293028593063354,-0.003813681425526739,-0.00830239336937666,0.0001131239187088795,0.0032305028289565277,7.163110256195068,-0.005697692278772759,0.001044282737884955,1.5241550207138062,3.649832010269165,-0.009794045239686917,-0.07302200794219971,-0.5190798044204712
178,0,0,1.0,0.0004194550439203633,-0.0013616003097941093,0.0009679121062737755,0.03657752275466919,-0.001724779140204192,-0.0077278632670640945,-5.711027915822342e-05,-0.0004400038160375407,6.772555828094482,-0.006130523514002726,0.0009679121062737755,1.5045112371444702,3.67032790184021,-0.009684969671070515,-0.07159151136875153,-0.6231305599212646
179,0,0,1.0,0.00037620122312274435,-0.0016309747741029832,0.000966710853570197,-0.04277663305401802,-0.0024230743292719134,-0.007340645417571068,0.0011941128177568316,0.00041544018313379274,7.396771430969238,-0.006455222144723102,0.000966710853570197,1.488106369972229,3.6908187866210938,-0.009607315063476493,-0.07048915326595306,-0.6932876110076904
180,0,0,1.0,0.00037620122312274435,-0.0016309747741029832,0.000966710853570197,-0.04277663305401802,-0.0024230743292719134,-0.007340645417571068,-0.0005803206004202366,0.0020406784024098517,7.300687313079834,-0.006455222144723102,0.000966710853570197,1.488106369972229,3.7113358974456787,-0.009607315063476493,-0.07048915326595306,-0.6932876110076904
181,0,0,1.0,0.0002450926693562813,-0.0018184237180882508,0.001007930216907637,0.012159986421465874,-0.003570949425920845,-0.006553206592798232,0.0015500872395932674,-0.0017009947914620577,7.836536884307861,-0.006804553326219481,0.001007930216907637,1.4687474966049194,3.7318599224090576,-0.009532406926155012,-0.06855866312980652,-0.7637057304382324
182,0,0,1.0,0.00015525490573481312,-0.0032735471267551415,0.0010340309527269922,-0.006071643438190222,0.0016353433020412913,-0.006249209400266409,0.0004303156747482717,0.0001353868283340893,7.756270885467529,-0.007255296222865738,0.0010340309527269922,1.439271092414856,3.752424955368042,-0.009445436298847108,-0.06613875925540924,-0.8506176471710205
183,0,0,1.0,0.00015525490573481312,-0.0032735471267551415,0.0010340309527269922,-0.006071643438190222,0.0016353433020412913,-0.006249209400266409,0.0009805799927562475,0.0030741910450169025,6.95755672454834,-0.007255296222865738,0.0010340309527269922,1.439271092414856,3.772933006286621,-0.009445436298847108,-0.06613875925540924,-0.8506176471710205
184,0,0,1.0,0.00014996030331142476,-0.002799406407179534,0.0010605430643510613,0.036042895168066025,-0.0014965500449761755,-0.006095129530876875,0.0005926938029006124,-0.002018445171414835,7.930212497711182,-0.007612824440002594,0.0010605430643510613,1.4122488498687744,3.7934370040893555,-0.009398257359862229,-0.064329594373703,-0.9197105765342712
185,0,0,1.0,0.00014996030331142476,-0.002799406407179534,0.0010605430643510613,0.036042895168066025,-0.0014965500449761755,-0.006095129530876875,0.0004901877255178988,0.00043886178173234154,8.930093765258789,-0.007612824440002594,0.0010605430643510613,1.4122488498687744,3.8139100074768066,-0.009398257359862229,-0.064329594373703,-0.9197105765342712
186,0,0,1.0,6.23360180197668e-05,-0.003648253062576353,0.0011005109027357515,-0.007441845256835222,0.0011283624917268747,-0.005541173741221428,0.0009810894262045622,-1.806207001111404e-05,7.99047327041626,-0.007988491095602662,0.0011005109027357515,1.3809062242507935,3.8344998359680176,-0.009351733140647307,-0.0623178668320179,-0.9648798704147339
187,0,0,1.0,-2.300191099816516e-05,-0.003515556737792365,0.001141884672645483,-0.05932501703500748,-0.004273241385817529,-0.005390482954680919,-0.0005040920223109424,-0.0032559137325723513,8.481136322021484,-0.0083481809124352,0.001141884672645483,1.3504276275634766,3.8549609184265137,-0.009342086501419433,-0.06047410890460014,-1.0129964351654053
188,0,0,1.0,-2.300191099816516e-05,-0.003515556737792365,0.001141884672645483,-0.05932501703500748,-0.004273241385817529,-0.005390482954680919,-0.0002718782052397728,-0.0022502073552449794,7.90724515914917,-0.0083481809124352,0.001141884672645483,1.3504276275634766,3.8755979537963867,-0.009342086501419433,-0.06047410890460014,-1.0129964351654053
189,0,0,1.0,-6.781080578659007e-05,-0.004125702155206289,0.0011318695343184486,0.012478873133659363,-0.0008913419442251331,-0.005204000044614077,0.0011814332101494074,0.0030017402023088417,9.314414978027344,-0.008713047951460027,0.0011318695343184486,1.3183021545410156,3.896124839782715,-0.009359334595501308,-0.058405131101608276,-1.0403714179992676
190,0,0,1.0,-6.781080578659007e-05,-0.004125702155206289,0.0011318695343184486,0.012478873133659363,-0.0008913419442251331,-0.005204000044614077,0.0006684077670797706,-0.0037254923954594377,9.536680221557617,-0.008713047951460027,0.0011318695343184486,1.3183021545410156,3.916684865951538,-0.009359334595501308,-0.058405131101608276,-1.0403714179992676
191,0,0,1.0,-0.00017400548676858591,-0.00288907313386016,0.0011227074529904667,-0.058985333889722824,-0.005318323615938426,-0.005137715488672256,0.002613662276417017,-0.0031113976147015463,8.45875072479248,-0.009202592074871199,0.0011227074529904667,1.2811648845672607,3.937159776687622,-0.009421749040484309,-0.055847834795713425,-1.0697637796401978
192,0,0,1.0,-0.00029952096374616345,-0.002584860529224176,0.0011085129842852437,0.13925187289714813,-0.0002543906448408967,-0.004923110827803612,-0.0008871523896232247,0.0028864550404262383,9.605112075805664,-0.009537699632346762,0.0011085129842852437,1.2528104782104492,3.9576518535614014,-0.009501418098807215,-0.05396031588315964,-1.0810366868972778
193,0,0,1.0,-0.00029952096374616345,-0.002584860529224176,0.0011085129842852437,0.13925187289714813,-0.0002543906448408967,-0.004923110827803612,0.0008732932037673891,-0.0003733942285169789,8.412696838378906,-0.009537699632346762,0.0011085129842852437,1.2528104782104492,3.978196859359741,-0.009501418098807215,-0.05396031588315964,-1.0810366868972778
194,0,0,1.0,-0.0003777140435527614,-0.0010024897140652731,0.0011011494436860235,-0.0025010020472109318,-0.004997995216399432,-0.00486620794981718,0.0032984265126287937,-0.008030837401746479,10.002814292907715,-0.009940041229128966,0.0011011494436860235,1.2188119888305664,3.9987809658050537,-0.009567518718540547,-0.05259983241558075,-1.0933009386062622
